<?xml version="1.0" encoding="UTF-8"?>
<assembly xmlns="http://maven.apache.org/plugins/maven-assembly-plugin/assembly/1.1.0" 
  xmlns:xsi="http://www.w3.org/2001/XMLSchema-instance"
  xsi:schemaLocation="http://maven.apache.org/plugins/maven-assembly-plugin/assembly/1.1.0 http://maven.apache.org/xsd/assembly-1.1.0.xsd">
  <!-- this is now ELAN for MFSearch -->
  <id>elan4annex</id>
  <formats>
    <format>jar</format>
  </formats>
  <includeBaseDirectory>false</includeBaseDirectory>
  <fileSets>
    <fileSet>
      <directory>${project.build.directory}/classes</directory>
      <outputDirectory>/</outputDirectory>
      <useDefaultExcludes>true</useDefaultExcludes>
      <includes>
      	<include>mpi/eudico/client/annotator/export/ExportTabCustomizePanel*.class</include>
      	<include>mpi/eudico/client/util/CheckBoxTableCellRenderer*.class</include>
      	<include>nl/mpi/util/FileExtension.class</include>
      	<include>mpi/eudico/client/annotator/ElanLocale*.class</include>
      	<include>mpi/eudico/client/annotator/ElanLocaleListener*.class</include>
      	<include>mpi/eudico/client/annotator/gui/FileChooser*.class</include>
      	<include>mpi/eudico/client/annotator/gui/JFontChooser*.class</include>
      	<include>mpi/eudico/client/annotator/util/ClientLogger*.class</include>
      </includes>
    </fileSet>
  </fileSets>
</assembly>
