<?xml version="1.0" encoding="UTF-8"?>
<assembly xmlns="http://maven.apache.org/plugins/maven-assembly-plugin/assembly/1.1.0" 
  xmlns:xsi="http://www.w3.org/2001/XMLSchema-instance"
  xsi:schemaLocation="http://maven.apache.org/plugins/maven-assembly-plugin/assembly/1.1.0 http://maven.apache.org/xsd/assembly-1.1.0.xsd">
  <id>project</id>
  <formats>
    <format>zip</format>
  </formats>
  <fileSets>
    <fileSet>
      <directory>${project.basedir}</directory>
      <outputDirectory>/</outputDirectory>
      <useDefaultExcludes>true</useDefaultExcludes>
      <includes>
      	<include>src/**</include>   	 
      	<include>pom.xml</include>
      	<!--
      	<include>elan.xml</include>
      	-->
      	<include>LICENSE*</include>
      </includes>
      <excludes>
      	<exclude>src/main/java/mpi/lexus/**</exclude>
      	<!-- exclude for the time being -->
      	<exclude>src/main/java/nl/mpi/recognizer/remote/**</exclude>
      	<exclude>src/main/resources/nl/mpi/recognizer/**</exclude>
      </excludes>
    </fileSet>
    <fileSet>
      <directory>${project.basedir}/native/AVFPlayer</directory>
      <outputDirectory>/native/AVFPlayer</outputDirectory>
      <useDefaultExcludes>true</useDefaultExcludes>
      <includes>
      	<include>**</include>  	 
      </includes>
    </fileSet>
    <fileSet>
      <directory>${project.basedir}/native/DSPlayer_VS8/DSPlayer</directory>
      <outputDirectory>/native/DSPlayer</outputDirectory>
      <useDefaultExcludes>true</useDefaultExcludes>
      <includes>
      	<include>**</include>  	 
      </includes>
      <excludes>
      	<exclude>DSPlayer.rc</exclude>
      	<exclude>Backup/**</exclude>
      	<exclude>Release/**</exclude>
      </excludes>
    </fileSet>
    <fileSet>
      <directory>${project.basedir}/native/MMFPlayer/</directory>
      <outputDirectory>/native</outputDirectory>
      <useDefaultExcludes>true</useDefaultExcludes>
      <includes>
      	<include>MMFPlayer/**</include>   	 
      </includes>
      <excludes>
      	<exclude>MMFPlayer/*.user</exclude>
      	<exclude>MMFPlayer/*.ncb</exclude>
      	<exclude>MMFPlayer/*.suo</exclude>
      </excludes>
    </fileSet>
    <fileSet>
      <directory>${project.basedir}/native/sendpraat/</directory>
      <outputDirectory>native/sendpraat</outputDirectory>
      <useDefaultExcludes>true</useDefaultExcludes>
      <includes>
      	<include>*/**</include>   	 
      </includes>
    </fileSet>
    <fileSet>
      <directory>${project.basedir}/native/JNIUtil/</directory>
      <outputDirectory>native/JNIUtil</outputDirectory>
      <useDefaultExcludes>true</useDefaultExcludes>
      <includes>
      	<include>*/**</include>   	 
      </includes>
    </fileSet>
  </fileSets>
</assembly>